Token,Price(USD)
$1,N/A
LASHBACK,N/A
TBONDS,N/A
$100M,N/A
FLOCK,N/A
BK,N/A
$120,N/A
FLOPPA,N/A
BLIXI,N/A
$AI,N/A
FLUID,N/A
BLORB,N/A
$AMZNGC,N/A
FMCS,N/A
BLUB,N/A
$ASH,N/A
FOMO,N/A
BMT,0.09120000
$BABIRO,N/A
FORK,N/A
BNB Card,N/A
$BANANA,N/A
FORM,2.11370000
BNBETF,N/A
$BATMAN,N/A
FORT,N/A
BNBMECCA,N/A
$BEAN,N/A
FOUR,N/A
BNBXBT,N/A
$BNKRMCABOVE,N/A
BNKR,N/A
FPIBANK,N/A
$BOBBY,N/A
BNKRDAO,N/A
$BONKV,N/A
FROC,N/A
BNXR,N/A
FROGO,N/A
$BORIS,N/A
BOB,N/A
FTLX,N/A
$BRO,N/A
BOLT,N/A
FU,N/A
$BROKIE,N/A
BONE,N/A
FULA,N/A
$BULL,N/A
BONECOIN,N/A
FUNKZ,N/A
$CAPY,N/A
BOOMER,N/A
FURY,N/A
$CHILL,N/A
BORK,N/A
FWOB,N/A
$CNR,N/A
BOTIFY,N/A
$COCA,N/A
BR,N/A
$COLLAT,N/A
FWOG,N/A
BRAIN,N/A
$COOKI,N/A
FXBT,N/A
BRETT,N/A
$CRT,N/A
Farcade,N/A
BRIDGE,N/A
$CSQUID,N/A
FartChain,N/A
BRO,N/A
$DDOG,N/A
Fartcoin,N/A
BROCCOLI,N/A
$DEEPSH,N/A
Favelas,N/A
BROCK,N/A
$DINO,N/A
Fifa,N/A
BRONIFY,N/A
$DOGE,N/A
Figure,N/A
BROWNIE,N/A
$DOMISOL,N/A
Floki,0.00005525
$DRUMP,N/A
BRUTO,N/A
Flow,0.36700000
$DRUNK,N/A
BSC,N/A
Footcoin,N/A
$DUCKY,N/A
BSH,N/A
Fora,N/A
$DUDE,N/A
BSW,0.01760000
Four,N/A
$DUMBO,N/A
BTC.b,N/A
Fred,N/A
$ELMO,N/A
BTCB,N/A
FreeLePen,N/A
$ELONMUSK$,N/A
BTCDOG,N/A
FreePT,N/A
$GG,N/A
BTROMP,N/A
G3K,N/A
$HAMTARO,N/A
BTRUMP,N/A
GAME,N/A
$HARD,N/A
BUBB,N/A
GARFIELD,N/A
$HCHIK,N/A
BUIDL,N/A
GAYCOIN,N/A
$HENEKN,N/A
BULLET,N/A
GC,N/A
$JERRY,N/A
BUPS,N/A
GEN-4,N/A
$JOCKER,N/A
BURR,N/A
GFM,N/A
$JULIUS,N/A
BUSD,1.00030000
GGrok,N/A
$KISS,N/A
BUTTCOIN,N/A
GHIBLI,N/A
$LORDF,N/A
BUZZ,N/A
GHIBLICHAD,N/A
BXBT,N/A
$MALTI,N/A
GHIBLIDOGE,N/A
BYTE,N/A
$MAPLE,N/A
GHIBLIELON,N/A
BYTURA,N/A
$MATRIX,N/A
GHIBLIFY,N/A
$MEWRDR,N/A
Baby,N/A
GHOST,N/A
$MFER,N/A
BabyDoge,N/A
GHW,N/A
BabyGhibli,N/A
$MIB,N/A
GIGA,N/A
Bambi,N/A
$MINION,N/A
GIGIL,N/A
Bankrun,N/A
$MINTRX,N/A
GIL,N/A
BaseMCP,N/A
$MOGUTO,N/A
GINI,N/A
Beepseek,N/A
$MONJO,N/A
GIZMO,N/A
Bert,N/A
$MONT,N/A
GME,N/A
Bester,N/A
$MRKT,N/A
GOAT,N/A
BitFolio,N/A
$MZEU,N/A
GOGE,N/A
Bitboy,N/A
$NINJA,N/A
GOHOME,N/A
Bonk,0.00001109
$ONEPCE,N/A
GOLD,N/A
Broccoli,N/A
$PCOIN,N/A
GOOD,N/A
Buckazoids,N/A
$PEPEPRE,N/A
GOTHELON,N/A
BugsBunny,N/A
$PEPSI,N/A
GOTHTRUMP,N/A
Building,N/A
$PICKLE,N/A
GOVANA,N/A
BurgerKoin,N/A
$PIKASH,N/A
GPT,N/A
Burmeow,N/A
$POPOO,N/A
GRAFI,N/A
C98 0.3%,N/A
$PORCHE,N/A
GRAI,N/A
CAG,N/A
$PUCCA,N/A
GRAM,N/A
CAGX,N/A
$PUFFY,N/A
GRAVEFLIES,N/A
CAMEL,N/A
$RAMEN,N/A
GREED 3,N/A
CANYON,N/A
$RICK,N/A
GREG,N/A
CARES,N/A
$ROCKET,N/A
GRIFFAIN,N/A
CARNEY,N/A
$ROLLSR,N/A
GRIFT,N/A
CATBUS,N/A
$ROUTINE,N/A
GRK,N/A
CCSAVA,N/A
$RUDOLPH,N/A
GROK,N/A
$SAGES,N/A
GROKLET,N/A
CHAD,N/A
$SATOSHI,N/A
GROKORO,N/A
CHADETTE,N/A
$SHARKS,N/A
GRUMPY,N/A
CHARLES,N/A
$SHEI,N/A
GUESS,N/A
CHARLIE,N/A
$SHEIKH,N/A
CHATTY,N/A
GUN,0.04672000
$SHREK,N/A
CHC,N/A
GVANCE,N/A
$SLTANA,N/A
CHEELON,N/A
GX,N/A
$SMOLL,N/A
CHEESEHEAD,N/A
GYFI,N/A
